request_id,scheduled_delay_s,text,status_code,error,bytes,audio_s,total_ms,ttfc_ms,rtf,chunk_count,max_chunk_gap_ms,streaming_mode,scheduler_mode,max_new_tokens_effective,active_at_start
0,0.0,"Sure, I can help with that.",200,,161280,3.36,2034.6452398225665,98.0319706723094,0.605549178518621,168,745.0421676039696,decode_time_codec_stream,scheduler_scalar,69,1
1,0.3088764284757353,The meeting starts in about ten minutes.,200,,168960,3.52,2097.835778258741,90.64905811101198,0.5959760733689605,176,732.5765527784824,decode_time_codec_stream,scheduler_scalar,160,1
2,0.5755092152782356,I found three options that look useful.,200,,176640,3.68,2185.9107185155153,92.00578462332487,0.5939974778574769,184,732.089014723897,decode_time_codec_stream,scheduler_scalar,82,1
3,0.7584333949029234,Let me summarize the important part.,200,,149760,3.12,1878.8574859499931,92.57364459335804,0.6021979121634593,156,733.2868603989482,decode_time_codec_stream,scheduler_scalar,79,1
4,1.0513270718540593,The weather should be clear this afternoon.,200,,115200,2.4,1468.7415901571512,90.96292220056057,0.6119756625654797,120,728.90779748559,decode_time_codec_stream,scheduler_scalar,160,1
5,1.1341707136984498,That answer is correct for the example.,200,,172800,3.6,2162.2051298618317,85.13004146516323,0.600612536072731,180,747.2671708092093,decode_time_codec_stream,scheduler_scalar,82,1
6,1.5463575871522655,Please try the shorter version first.,200,,142080,2.96,1816.7039155960083,100.08438490331173,0.6137513228364893,148,743.5746863484383,decode_time_codec_stream,scheduler_scalar,80,1
7,1.7382099914593698,I can check the benchmark after this run.,200,,157440,3.28,1973.3801363036036,91.39143582433462,0.6016402854584157,164,737.441242672503,decode_time_codec_stream,scheduler_scalar,160,1
