request_id,scheduled_delay_s,text,status_code,error,bytes,audio_s,total_ms,ttfc_ms,rtf,chunk_count,max_chunk_gap_ms,streaming_mode,scheduler_mode,max_new_tokens_effective,active_at_start
0,0.0,"Sure, I can help with that.",200,,161280,3.36,7206.390681676567,92.1753104776144,2.144759131451359,168,3270.7709977403283,decode_time_codec_stream,scheduler_scalar,69,1
1,0.3088764284757353,The meeting starts in about ten minutes.,200,,168960,3.52,8027.6693953201175,142.92803220450878,2.2805878963977606,176,3290.805868804455,decode_time_codec_stream,scheduler_scalar,160,2
2,0.5755092152782356,I found three options that look useful.,200,,176640,3.68,8232.677534222603,292.7937237545848,2.23714063429962,184,3295.875148847699,decode_time_codec_stream,scheduler_scalar,82,3
3,0.7584333949029234,Let me summarize the important part.,200,,149760,3.12,7544.8476346209645,345.04569973796606,2.4182203957118475,156,3264.7626092657447,decode_time_codec_stream,scheduler_scalar,79,4
4,1.0513270718540593,The weather should be clear this afternoon.,200,,115200,2.4,2523.4499508515,181.7412879317999,1.0514374795214585,120,1428.1230811029673,decode_time_codec_stream,scheduler_scalar,160,4
5,1.1341707136984498,That answer is correct for the example.,200,,172800,3.6,5601.557482033968,141.27683360129595,1.5559881894538798,180,2042.1221582219005,decode_time_codec_stream,scheduler_scalar,82,2
6,1.5463575871522655,Please try the shorter version first.,200,,142080,2.96,4964.487920515239,213.64904288202524,1.6771918650389321,148,2106.063734740019,decode_time_codec_stream,scheduler_scalar,80,3
7,1.7382099914593698,I can check the benchmark after this run.,200,,157440,3.28,4823.541849851608,301.333743147552,1.4705920273937831,164,2071.3178515434265,decode_time_codec_stream,scheduler_scalar,160,4
